Step	Pedro.celular.x . y	Pedro.maleta.x . y	Pedro.mochila.x . y	Pedro.tablet.x . y	Juan.celular.x . y	Juan.llaves.x . y	Diego.celular.x . y	Diego.llaves.x . y	Diego.mochila.x . y	
0	3.40	10.60	5.00	7.80	12.60	1.20	3.50	9.40	50.10	63.00	25.10	25.80	35.00	35.00	0.10	0.10	40.50	43.10	
1	3.40	10.60	3.40	10.60	12.60	1.20	3.40	10.60	50.10	63.00	25.10	25.80	35.00	35.00	0.10	0.10	35.00	35.00	
2	3.40	10.60	3.40	10.60	12.60	1.20	3.40	10.60	50.10	63.00	25.10	25.80	35.00	35.00	0.10	0.10	35.00	35.00	
3	3.40	10.60	3.40	10.60	12.60	1.20	3.40	10.60	50.10	63.00	25.10	25.80	35.00	35.00	0.10	0.10	35.00	35.00	
4	13.90	15.60	3.40	10.60	12.60	1.20	3.40	10.60	50.10	63.00	25.10	25.80	35.00	35.00	0.10	0.10	35.00	35.00	
5	13.90	15.60	3.40	10.60	12.60	1.20	3.40	10.60	56.40	66.00	25.10	25.80	35.00	35.00	0.10	0.10	35.00	35.00	
6	26.40	21.60	3.40	10.60	12.60	1.20	3.40	10.60	56.40	66.00	26.40	21.60	35.00	35.00	0.10	0.10	35.00	35.00	
7	26.40	21.60	3.40	10.60	12.60	1.20	3.40	10.60	62.10	70.70	26.40	21.60	35.00	35.00	0.10	0.10	35.00	35.00	
8	26.40	21.60	3.40	10.60	12.60	1.20	3.40	10.60	62.10	70.70	26.40	21.60	35.00	35.00	0.10	0.10	35.00	35.00	
